Country Name,Country Code,Series Name,1999,2009,2019
Algeria,DZA,"Access to electricity, urban (% of urban population)",,100,100
Algeria,DZA,"Access to electricity, rural (% of rural population)",,97,99
Andorra,AND,"Access to electricity, urban (% of urban population)",100,100,100
Andorra,AND,"Access to electricity, rural (% of rural population)",100,100,100
Antigua and Barbuda,ATG,"Access to electricity, urban (% of urban population)",100,100,100
Antigua and Barbuda,ATG,"Access to electricity, rural (% of rural population)",96,98,100
Afghanistan,AFG,"Access to electricity, urban (% of urban population)",,85,100
Afghanistan,AFG,"Access to electricity, rural (% of rural population)",,33,97
Albania,ALB,"Access to electricity, urban (% of urban population)",100,100,100
Albania,ALB,"Access to electricity, rural (% of rural population)",100,100,100
American Samoa,ASM,"Access to electricity, urban (% of urban population)",,,
American Samoa,ASM,"Access to electricity, rural (% of rural population)",,,
Angola,AGO,"Access to electricity, urban (% of urban population)",,58,72
Angola,AGO,"Access to electricity, rural (% of rural population)",,,
Argentina,ARG,"Access to electricity, urban (% of urban population)",96,98,100
Argentina,ARG,"Access to electricity, rural (% of rural population)",85,94,100
Armenia,ARM,"Access to electricity, urban (% of urban population)",,99,100
Armenia,ARM,"Access to electricity, rural (% of rural population)",,99,100
Aruba,ABW,"Access to electricity, urban (% of urban population)",100,100,100
Aruba,ABW,"Access to electricity, rural (% of rural population)",100,100,100
Australia,AUS,"Access to electricity, urban (% of urban population)",100,100,100
Australia,AUS,"Access to electricity, rural (% of rural population)",100,100,100
Austria,AUT,"Access to electricity, urban (% of urban population)",100,100,100
Austria,AUT,"Access to electricity, rural (% of rural population)",100,100,100
Azerbaijan,AZE,"Access to electricity, urban (% of urban population)",100,100,100
Azerbaijan,AZE,"Access to electricity, rural (% of rural population)",,100,100
"Bahamas, The",BHS,"Access to electricity, urban (% of urban population)",100,100,100
"Bahamas, The",BHS,"Access to electricity, rural (% of rural population)",100,100,100
Bahrain,BHR,"Access to electricity, urban (% of urban population)",100,100,100
Bahrain,BHR,"Access to electricity, rural (% of rural population)",100,100,100
Bangladesh,BGD,"Access to electricity, urban (% of urban population)",75,86,98
Bangladesh,BGD,"Access to electricity, rural (% of rural population)",16,45,89
Barbados,BRB,"Access to electricity, urban (% of urban population)",100,100,100
Barbados,BRB,"Access to electricity, rural (% of rural population)",100,100,100
Belarus,BLR,"Access to electricity, urban (% of urban population)",100,100,100
Belarus,BLR,"Access to electricity, rural (% of rural population)",100,100,100
Belgium,BEL,"Access to electricity, urban (% of urban population)",100,100,100
Belgium,BEL,"Access to electricity, rural (% of rural population)",100,100,100
Belize,BLZ,"Access to electricity, urban (% of urban population)",95,97,98
Belize,BLZ,"Access to electricity, rural (% of rural population)",64,79,88
Benin,BEN,"Access to electricity, urban (% of urban population)",47,56,65
Benin,BEN,"Access to electricity, rural (% of rural population)",5,11,17
Bermuda,BMU,"Access to electricity, urban (% of urban population)",100,100,100
Bermuda,BMU,"Access to electricity, rural (% of rural population)",100,100,100
Bhutan,BTN,"Access to electricity, urban (% of urban population)",,98,100
Bhutan,BTN,"Access to electricity, rural (% of rural population)",,58,100
Bolivia,BOL,"Access to electricity, urban (% of urban population)",98,99,100
Bolivia,BOL,"Access to electricity, rural (% of rural population)",28,63,88
Bosnia and Herzegovina,BIH,"Access to electricity, urban (% of urban population)",100,100,100
Bosnia and Herzegovina,BIH,"Access to electricity, rural (% of rural population)",100,100,100
Botswana,BWA,"Access to electricity, urban (% of urban population)",37,61,88
Botswana,BWA,"Access to electricity, rural (% of rural population)",12,16,28
Brazil,BRA,"Access to electricity, urban (% of urban population)",99,100,100
Brazil,BRA,"Access to electricity, rural (% of rural population)",77,94,98
British Virgin Islands,VGB,"Access to electricity, urban (% of urban population)",97,99,100
British Virgin Islands,VGB,"Access to electricity, rural (% of rural population)",96,98,100
Brunei Darussalam,BRN,"Access to electricity, urban (% of urban population)",100,100,100
Brunei Darussalam,BRN,"Access to electricity, rural (% of rural population)",100,100,100
Bulgaria,BGR,"Access to electricity, urban (% of urban population)",100,100,100
Bulgaria,BGR,"Access to electricity, rural (% of rural population)",100,100,100
Burkina Faso,BFA,"Access to electricity, urban (% of urban population)",40,44,65
Burkina Faso,BFA,"Access to electricity, rural (% of rural population)",,3,
Burundi,BDI,"Access to electricity, urban (% of urban population)",51,52,63
Burundi,BDI,"Access to electricity, rural (% of rural population)",,,3
Cabo Verde,CPV,"Access to electricity, urban (% of urban population)",,88,95
Cabo Verde,CPV,"Access to electricity, rural (% of rural population)",,55,96
Cambodia,KHM,"Access to electricity, urban (% of urban population)",59,83,100
Cambodia,KHM,"Access to electricity, rural (% of rural population)",,31,91
Cameroon,CMR,"Access to electricity, urban (% of urban population)",76,84,93
Cameroon,CMR,"Access to electricity, rural (% of rural population)",12,18,24
Canada,CAN,"Access to electricity, urban (% of urban population)",100,100,100
Canada,CAN,"Access to electricity, rural (% of rural population)",100,100,100
Cayman Islands,CYM,"Access to electricity, urban (% of urban population)",100,100,100
Cayman Islands,CYM,"Access to electricity, rural (% of rural population)",100,100,100
Central African Republic,CAF,"Access to electricity, urban (% of urban population)",12,22,32
Central African Republic,CAF,"Access to electricity, rural (% of rural population)",,2,2
Chad,TCD,"Access to electricity, urban (% of urban population)",9,21,37
Chad,TCD,"Access to electricity, rural (% of rural population)",1,2,
Channel Islands,CHI,"Access to electricity, urban (% of urban population)",100,100,100
Channel Islands,CHI,"Access to electricity, rural (% of rural population)",100,100,100
Chile,CHL,"Access to electricity, urban (% of urban population)",100,100,100
Chile,CHL,"Access to electricity, rural (% of rural population)",79,98,100
China,CHN,"Access to electricity, urban (% of urban population)",,100,100
China,CHN,"Access to electricity, rural (% of rural population)",,98,100
Colombia,COL,"Access to electricity, urban (% of urban population)",99,100,100
Colombia,COL,"Access to electricity, rural (% of rural population)",80,84,99
Comoros,COM,"Access to electricity, urban (% of urban population)",63,80,98
Comoros,COM,"Access to electricity, rural (% of rural population)",28,53,78
"Congo, Dem. Rep.",COD,"Access to electricity, urban (% of urban population)",,36,41
"Congo, Dem. Rep.",COD,"Access to electricity, rural (% of rural population)",,,1
"Congo, Rep.",COG,"Access to electricity, urban (% of urban population)",,54,66
"Congo, Rep.",COG,"Access to electricity, rural (% of rural population)",,9,13
Costa Rica,CRI,"Access to electricity, urban (% of urban population)",,100,100
Costa Rica,CRI,"Access to electricity, rural (% of rural population)",,98,99
Cote d'Ivoire,CIV,"Access to electricity, urban (% of urban population)",86,87,94
Cote d'Ivoire,CIV,"Access to electricity, rural (% of rural population)",20,31,42
Croatia,HRV,"Access to electricity, urban (% of urban population)",100,100,100
Croatia,HRV,"Access to electricity, rural (% of rural population)",100,100,100
Cuba,CUB,"Access to electricity, urban (% of urban population)",,100,100
Cuba,CUB,"Access to electricity, rural (% of rural population)",,90,99
Curacao,CUW,"Access to electricity, urban (% of urban population)",100,100,100
Curacao,CUW,"Access to electricity, rural (% of rural population)",100,100,100
Cyprus,CYP,"Access to electricity, urban (% of urban population)",100,100,100
Cyprus,CYP,"Access to electricity, rural (% of rural population)",100,100,100
Czech Republic,CZE,"Access to electricity, urban (% of urban population)",100,100,100
Czech Republic,CZE,"Access to electricity, rural (% of rural population)",100,100,100
Denmark,DNK,"Access to electricity, urban (% of urban population)",100,100,100
Denmark,DNK,"Access to electricity, rural (% of rural population)",100,100,100
Djibouti,DJI,"Access to electricity, urban (% of urban population)",56,63,72
Djibouti,DJI,"Access to electricity, rural (% of rural population)",58,33,25
Dominica,DMA,"Access to electricity, urban (% of urban population)",,,
Dominica,DMA,"Access to electricity, rural (% of rural population)",,,100
Dominican Republic,DOM,"Access to electricity, urban (% of urban population)",99,100,100
Dominican Republic,DOM,"Access to electricity, rural (% of rural population)",79,93,100
Ecuador,ECU,"Access to electricity, urban (% of urban population)",99,99,100
Ecuador,ECU,"Access to electricity, rural (% of rural population)",84,92,100
"Egypt, Arab Rep.",EGY,"Access to electricity, urban (% of urban population)",99,100,100
"Egypt, Arab Rep.",EGY,"Access to electricity, rural (% of rural population)",95,98,100
El Salvador,SLV,"Access to electricity, urban (% of urban population)",93,97,99
El Salvador,SLV,"Access to electricity, rural (% of rural population)",60,81,100
Equatorial Guinea,GNQ,"Access to electricity, urban (% of urban population)",,,91
Equatorial Guinea,GNQ,"Access to electricity, rural (% of rural population)",,,2
Eritrea,ERI,"Access to electricity, urban (% of urban population)",79,77,76
Eritrea,ERI,"Access to electricity, rural (% of rural population)",10,18,37
Estonia,EST,"Access to electricity, urban (% of urban population)",100,100,100
Estonia,EST,"Access to electricity, rural (% of rural population)",100,100,100
Eswatini,SWZ,"Access to electricity, urban (% of urban population)",,73,91
Eswatini,SWZ,"Access to electricity, rural (% of rural population)",,29,73
Ethiopia,ETH,"Access to electricity, urban (% of urban population)",,85,93
Ethiopia,ETH,"Access to electricity, rural (% of rural population)",,22,36
Faroe Islands,FRO,"Access to electricity, urban (% of urban population)",100,100,100
Faroe Islands,FRO,"Access to electricity, rural (% of rural population)",100,100,100
Fiji,FJI,"Access to electricity, urban (% of urban population)",91,96,100
Fiji,FJI,"Access to electricity, rural (% of rural population)",59,78,100
Finland,FIN,"Access to electricity, urban (% of urban population)",100,100,100
Finland,FIN,"Access to electricity, rural (% of rural population)",100,100,100
France,FRA,"Access to electricity, urban (% of urban population)",100,100,100
France,FRA,"Access to electricity, rural (% of rural population)",100,100,100
French Polynesia,PYF,"Access to electricity, urban (% of urban population)",100,100,100
French Polynesia,PYF,"Access to electricity, rural (% of rural population)",100,100,100
Gabon,GAB,"Access to electricity, urban (% of urban population)",,94,98
Gabon,GAB,"Access to electricity, rural (% of rural population)",,18,24
"Gambia, The",GMB,"Access to electricity, urban (% of urban population)",48,63,80
"Gambia, The",GMB,"Access to electricity, rural (% of rural population)",8,18,28
Georgia,GEO,"Access to electricity, urban (% of urban population)",,100,100
Georgia,GEO,"Access to electricity, rural (% of rural population)",,100,100
Germany,DEU,"Access to electricity, urban (% of urban population)",100,100,100
Germany,DEU,"Access to electricity, rural (% of rural population)",100,100,100
Ghana,GHA,"Access to electricity, urban (% of urban population)",78,84,94
Ghana,GHA,"Access to electricity, rural (% of rural population)",13,38,70
Gibraltar,GIB,"Access to electricity, urban (% of urban population)",100,100,100
Gibraltar,GIB,"Access to electricity, rural (% of rural population)",100,100,100
Greece,GRC,"Access to electricity, urban (% of urban population)",100,100,100
Greece,GRC,"Access to electricity, rural (% of rural population)",100,100,100
Greenland,GRL,"Access to electricity, urban (% of urban population)",100,100,100
Greenland,GRL,"Access to electricity, rural (% of rural population)",100,100,100
Grenada,GRD,"Access to electricity, urban (% of urban population)",,,
Grenada,GRD,"Access to electricity, rural (% of rural population)",,,
Guam,GUM,"Access to electricity, urban (% of urban population)",100,100,100
Guam,GUM,"Access to electricity, rural (% of rural population)",100,100,100
Guatemala,GTM,"Access to electricity, urban (% of urban population)",91,95,97
Guatemala,GTM,"Access to electricity, rural (% of rural population)",54,72,94
Guinea,GIN,"Access to electricity, urban (% of urban population)",54,70,88
Guinea,GIN,"Access to electricity, rural (% of rural population)",,4,16
Guinea-Bissau,GNB,"Access to electricity, urban (% of urban population)",,27,54
Guinea-Bissau,GNB,"Access to electricity, rural (% of rural population)",,,13
Guyana,GUY,"Access to electricity, urban (% of urban population)",87,91,97
Guyana,GUY,"Access to electricity, rural (% of rural population)",69,73,90
Haiti,HTI,"Access to electricity, urban (% of urban population)",69,71,80
Haiti,HTI,"Access to electricity, rural (% of rural population)",11,7,1
Honduras,HND,"Access to electricity, urban (% of urban population)",95,98,100
Honduras,HND,"Access to electricity, rural (% of rural population)",45,58,83
"Hong Kong SAR, China",HKG,"Access to electricity, urban (% of urban population)",100,100,100
"Hong Kong SAR, China",HKG,"Access to electricity, rural (% of rural population)",100,100,100
Hungary,HUN,"Access to electricity, urban (% of urban population)",100,100,100
Hungary,HUN,"Access to electricity, rural (% of rural population)",100,100,100
Iceland,ISL,"Access to electricity, urban (% of urban population)",100,100,100
Iceland,ISL,"Access to electricity, rural (% of rural population)",100,100,100
India,IND,"Access to electricity, urban (% of urban population)",91,96,100
India,IND,"Access to electricity, rural (% of rural population)",48,66,97
Indonesia,IDN,"Access to electricity, urban (% of urban population)",95,99,100
Indonesia,IDN,"Access to electricity, rural (% of rural population)",76,88,98
"Iran, Islamic Rep.",IRN,"Access to electricity, urban (% of urban population)",,100,100
"Iran, Islamic Rep.",IRN,"Access to electricity, rural (% of rural population)",,99,100
Iraq,IRQ,"Access to electricity, urban (% of urban population)",,100,100
Iraq,IRQ,"Access to electricity, rural (% of rural population)",,95,100
Ireland,IRL,"Access to electricity, urban (% of urban population)",100,100,100
Ireland,IRL,"Access to electricity, rural (% of rural population)",100,100,100
Isle of Man,IMN,"Access to electricity, urban (% of urban population)",100,100,100
Isle of Man,IMN,"Access to electricity, rural (% of rural population)",100,100,100
Israel,ISR,"Access to electricity, urban (% of urban population)",100,100,100
Israel,ISR,"Access to electricity, rural (% of rural population)",100,100,100
Italy,ITA,"Access to electricity, urban (% of urban population)",100,100,100
Italy,ITA,"Access to electricity, rural (% of rural population)",100,100,100
Jamaica,JAM,"Access to electricity, urban (% of urban population)",88,96,100
Jamaica,JAM,"Access to electricity, rural (% of rural population)",80,86,99
Japan,JPN,"Access to electricity, urban (% of urban population)",100,100,100
Japan,JPN,"Access to electricity, rural (% of rural population)",100,100,100
Jordan,JOR,"Access to electricity, urban (% of urban population)",100,100,100
Jordan,JOR,"Access to electricity, rural (% of rural population)",95,98,100
Kazakhstan,KAZ,"Access to electricity, urban (% of urban population)",99,100,100
Kazakhstan,KAZ,"Access to electricity, rural (% of rural population)",94,100,100
Kenya,KEN,"Access to electricity, urban (% of urban population)",48,66,91
Kenya,KEN,"Access to electricity, rural (% of rural population)",5,10,62
Kiribati,KIR,"Access to electricity, urban (% of urban population)",,89,89
Kiribati,KIR,"Access to electricity, rural (% of rural population)",,43,100
"Korea, Dem. People's Rep.",PRK,"Access to electricity, urban (% of urban population)",,26,42
"Korea, Dem. People's Rep.",PRK,"Access to electricity, rural (% of rural population)",,26,61
"Korea, Rep.",KOR,"Access to electricity, urban (% of urban population)",100,100,100
"Korea, Rep.",KOR,"Access to electricity, rural (% of rural population)",100,100,100
Kosovo,XKX,"Access to electricity, urban (% of urban population)",100,100,100
Kosovo,XKX,"Access to electricity, rural (% of rural population)",100,100,100
Kuwait,KWT,"Access to electricity, urban (% of urban population)",100,100,100
Kuwait,KWT,"Access to electricity, rural (% of rural population)",100,100,100
Kyrgyz Republic,KGZ,"Access to electricity, urban (% of urban population)",100,99,100
Kyrgyz Republic,KGZ,"Access to electricity, rural (% of rural population)",99,100,100
Lao PDR,LAO,"Access to electricity, urban (% of urban population)",96,97,100
Lao PDR,LAO,"Access to electricity, rural (% of rural population)",25,55,100
Latvia,LVA,"Access to electricity, urban (% of urban population)",100,100,100
Latvia,LVA,"Access to electricity, rural (% of rural population)",100,100,100
Lebanon,LBN,"Access to electricity, urban (% of urban population)",,100,100
Lebanon,LBN,"Access to electricity, rural (% of rural population)",,99,100
Lesotho,LSO,"Access to electricity, urban (% of urban population)",,43,76
Lesotho,LSO,"Access to electricity, rural (% of rural population)",,9,32
Liberia,LBR,"Access to electricity, urban (% of urban population)",,4,46
Liberia,LBR,"Access to electricity, rural (% of rural population)",,,8
Libya,LBY,"Access to electricity, urban (% of urban population)",,100,100
Libya,LBY,"Access to electricity, rural (% of rural population)",,25,
Liechtenstein,LIE,"Access to electricity, urban (% of urban population)",100,100,100
Liechtenstein,LIE,"Access to electricity, rural (% of rural population)",100,100,100
Lithuania,LTU,"Access to electricity, urban (% of urban population)",100,100,100
Lithuania,LTU,"Access to electricity, rural (% of rural population)",100,100,100
Luxembourg,LUX,"Access to electricity, urban (% of urban population)",100,100,100
Luxembourg,LUX,"Access to electricity, rural (% of rural population)",100,100,100
"Macao SAR, China",MAC,"Access to electricity, urban (% of urban population)",100,100,100
"Macao SAR, China",MAC,"Access to electricity, rural (% of rural population)",100,100,100
Madagascar,MDG,"Access to electricity, urban (% of urban population)",47,69,79
Madagascar,MDG,"Access to electricity, rural (% of rural population)",,,
Malawi,MWI,"Access to electricity, urban (% of urban population)",26,37,46
Malawi,MWI,"Access to electricity, rural (% of rural population)",1,3,4
Malaysia,MYS,"Access to electricity, urban (% of urban population)",,100,100
Malaysia,MYS,"Access to electricity, rural (% of rural population)",,98,100
Maldives,MDV,"Access to electricity, urban (% of urban population)",,100,100
Maldives,MDV,"Access to electricity, rural (% of rural population)",,100,100
Mali,MLI,"Access to electricity, urban (% of urban population)",31,58,91
Mali,MLI,"Access to electricity, rural (% of rural population)",,6,15
Malta,MLT,"Access to electricity, urban (% of urban population)",100,100,100
Malta,MLT,"Access to electricity, rural (% of rural population)",100,100,100
Marshall Islands,MHL,"Access to electricity, urban (% of urban population)",89,92,96
Marshall Islands,MHL,"Access to electricity, rural (% of rural population)",25,54,100
Mauritania,MRT,"Access to electricity, urban (% of urban population)",,64,86
Mauritania,MRT,"Access to electricity, rural (% of rural population)",,3,
Mauritius,MUS,"Access to electricity, urban (% of urban population)",100,100,100
Mauritius,MUS,"Access to electricity, rural (% of rural population)",99,98,100
Mexico,MEX,"Access to electricity, urban (% of urban population)",99,99,100
Mexico,MEX,"Access to electricity, rural (% of rural population)",89,95,100
"Micronesia, Fed. Sts.",FSM,"Access to electricity, urban (% of urban population)",,82,96
"Micronesia, Fed. Sts.",FSM,"Access to electricity, rural (% of rural population)",,57,78
Moldova,MDA,"Access to electricity, urban (% of urban population)",100,100,100
Moldova,MDA,"Access to electricity, rural (% of rural population)",100,100,100
Monaco,MCO,"Access to electricity, urban (% of urban population)",100,100,100
Monaco,MCO,"Access to electricity, rural (% of rural population)",100,100,100
Mongolia,MNG,"Access to electricity, urban (% of urban population)",,97,100
Mongolia,MNG,"Access to electricity, rural (% of rural population)",,46,97
Montenegro,MNE,"Access to electricity, urban (% of urban population)",100,100,100
Montenegro,MNE,"Access to electricity, rural (% of rural population)",100,100,100
Morocco,MAR,"Access to electricity, urban (% of urban population)",93,96,100
Morocco,MAR,"Access to electricity, rural (% of rural population)",40,71,99
Mozambique,MOZ,"Access to electricity, urban (% of urban population)",21,43,73
Mozambique,MOZ,"Access to electricity, rural (% of rural population)",,2,5
Myanmar,MMR,"Access to electricity, urban (% of urban population)",,87,93
Myanmar,MMR,"Access to electricity, rural (% of rural population)",,38,58
Namibia,NAM,"Access to electricity, urban (% of urban population)",71,78,75
Namibia,NAM,"Access to electricity, rural (% of rural population)",16,21,35
Nauru,NRU,"Access to electricity, urban (% of urban population)",97,98,100
Nauru,NRU,"Access to electricity, rural (% of rural population)",,,100
Nepal,NPL,"Access to electricity, urban (% of urban population)",84,91,94
Nepal,NPL,"Access to electricity, rural (% of rural population)",17,55,89
Netherlands,NLD,"Access to electricity, urban (% of urban population)",100,100,100
Netherlands,NLD,"Access to electricity, rural (% of rural population)",100,100,100
New Caledonia,NCL,"Access to electricity, urban (% of urban population)",100,100,100
New Caledonia,NCL,"Access to electricity, rural (% of rural population)",100,100,100
New Zealand,NZL,"Access to electricity, urban (% of urban population)",100,100,100
New Zealand,NZL,"Access to electricity, rural (% of rural population)",100,100,100
Nicaragua,NIC,"Access to electricity, urban (% of urban population)",93,98,100
Nicaragua,NIC,"Access to electricity, rural (% of rural population)",46,52,71
Niger,NER,"Access to electricity, urban (% of urban population)",39,50,50
Niger,NER,"Access to electricity, rural (% of rural population)",1,5,13
Nigeria,NGA,"Access to electricity, urban (% of urban population)",84,84,84
Nigeria,NGA,"Access to electricity, rural (% of rural population)",24,25,26
North Macedonia,MKD,"Access to electricity, urban (% of urban population)",100,100,100
North Macedonia,MKD,"Access to electricity, rural (% of rural population)",100,100,100
Northern Mariana Islands,MNP,"Access to electricity, urban (% of urban population)",100,100,100
Northern Mariana Islands,MNP,"Access to electricity, rural (% of rural population)",100,100,100
Norway,NOR,"Access to electricity, urban (% of urban population)",100,100,100
Norway,NOR,"Access to electricity, rural (% of rural population)",100,100,100
Oman,OMN,"Access to electricity, urban (% of urban population)",100,100,100
Oman,OMN,"Access to electricity, rural (% of rural population)",100,100,100
Pakistan,PAK,"Access to electricity, urban (% of urban population)",93,97,100
Pakistan,PAK,"Access to electricity, rural (% of rural population)",59,57,59
Palau,PLW,"Access to electricity, urban (% of urban population)",99,99,100
Palau,PLW,"Access to electricity, rural (% of rural population)",95,96,100
Panama,PAN,"Access to electricity, urban (% of urban population)",97,98,100
Panama,PAN,"Access to electricity, rural (% of rural population)",53,68,88
Papua New Guinea,PNG,"Access to electricity, urban (% of urban population)",62,70,83
Papua New Guinea,PNG,"Access to electricity, rural (% of rural population)",,9,60
Paraguay,PRY,"Access to electricity, urban (% of urban population)",98,98,100
Paraguay,PRY,"Access to electricity, rural (% of rural population)",78,95,100
Peru,PER,"Access to electricity, urban (% of urban population)",95,97,100
Peru,PER,"Access to electricity, rural (% of rural population)",18,51,92
Philippines,PHL,"Access to electricity, urban (% of urban population)",90,94,98
Philippines,PHL,"Access to electricity, rural (% of rural population)",56,76,94
Poland,POL,"Access to electricity, urban (% of urban population)",100,100,100
Poland,POL,"Access to electricity, rural (% of rural population)",100,100,100
Portugal,PRT,"Access to electricity, urban (% of urban population)",100,100,100
Portugal,PRT,"Access to electricity, rural (% of rural population)",100,100,100
Puerto Rico,PRI,"Access to electricity, urban (% of urban population)",100,100,100
Puerto Rico,PRI,"Access to electricity, rural (% of rural population)",100,100,100
Qatar,QAT,"Access to electricity, urban (% of urban population)",100,100,100
Qatar,QAT,"Access to electricity, rural (% of rural population)",100,100,100
Romania,ROU,"Access to electricity, urban (% of urban population)",100,100,100
Romania,ROU,"Access to electricity, rural (% of rural population)",100,100,100
Russian Federation,RUS,"Access to electricity, urban (% of urban population)",100,100,100
Russian Federation,RUS,"Access to electricity, rural (% of rural population)",100,100,100
Rwanda,RWA,"Access to electricity, urban (% of urban population)",32,54,93
Rwanda,RWA,"Access to electricity, rural (% of rural population)",,6,26
Samoa,WSM,"Access to electricity, urban (% of urban population)",98,100,100
Samoa,WSM,"Access to electricity, rural (% of rural population)",84,97,99
San Marino,SMR,"Access to electricity, urban (% of urban population)",100,100,100
San Marino,SMR,"Access to electricity, rural (% of rural population)",100,100,100
Sao Tome and Principe,STP,"Access to electricity, urban (% of urban population)",,70,78
Sao Tome and Principe,STP,"Access to electricity, rural (% of rural population)",,34,69
Saudi Arabia,SAU,"Access to electricity, urban (% of urban population)",100,100,100
Saudi Arabia,SAU,"Access to electricity, rural (% of rural population)",100,100,100
Senegal,SEN,"Access to electricity, urban (% of urban population)",73,83,95
Senegal,SEN,"Access to electricity, rural (% of rural population)",12,31,48
Serbia,SRB,"Access to electricity, urban (% of urban population)",100,100,100
Serbia,SRB,"Access to electricity, rural (% of rural population)",100,100,100
Seychelles,SYC,"Access to electricity, urban (% of urban population)",99,99,100
Seychelles,SYC,"Access to electricity, rural (% of rural population)",88,94,100
Sierra Leone,SLE,"Access to electricity, urban (% of urban population)",,36,51
Sierra Leone,SLE,"Access to electricity, rural (% of rural population)",,1,2
Singapore,SGP,"Access to electricity, urban (% of urban population)",100,100,100
Singapore,SGP,"Access to electricity, rural (% of rural population)",100,100,100
Sint Maarten (Dutch part),SXM,"Access to electricity, urban (% of urban population)",100,100,100
Sint Maarten (Dutch part),SXM,"Access to electricity, rural (% of rural population)",,,100
Slovak Republic,SVK,"Access to electricity, urban (% of urban population)",100,100,100
Slovak Republic,SVK,"Access to electricity, rural (% of rural population)",100,100,100
Slovenia,SVN,"Access to electricity, urban (% of urban population)",100,100,100
Slovenia,SVN,"Access to electricity, rural (% of rural population)",100,100,100
Solomon Islands,SLB,"Access to electricity, urban (% of urban population)",55,71,77
Solomon Islands,SLB,"Access to electricity, rural (% of rural population)",8,9,68
Somalia,SOM,"Access to electricity, urban (% of urban population)",,42,66
Somalia,SOM,"Access to electricity, rural (% of rural population)",,6,11
South Africa,ZAF,"Access to electricity, urban (% of urban population)",86,87,88
South Africa,ZAF,"Access to electricity, rural (% of rural population)",53,76,79
South Sudan,SSD,"Access to electricity, urban (% of urban population)",,17,13
South Sudan,SSD,"Access to electricity, rural (% of rural population)",,,5
Spain,ESP,"Access to electricity, urban (% of urban population)",100,100,100
Spain,ESP,"Access to electricity, rural (% of rural population)",100,100,100
Sri Lanka,LKA,"Access to electricity, urban (% of urban population)",,96,100
Sri Lanka,LKA,"Access to electricity, rural (% of rural population)",,85,100
St. Kitts and Nevis,KNA,"Access to electricity, urban (% of urban population)",100,100,100
St. Kitts and Nevis,KNA,"Access to electricity, rural (% of rural population)",92,97,100
St. Lucia,LCA,"Access to electricity, urban (% of urban population)",,95,97
St. Lucia,LCA,"Access to electricity, rural (% of rural population)",,93,100
St. Martin (French part),MAF,"Access to electricity, urban (% of urban population)",100,100,100
St. Martin (French part),MAF,"Access to electricity, rural (% of rural population)",,,100
St. Vincent and the Grenadines,VCT,"Access to electricity, urban (% of urban population)",86,92,99
St. Vincent and the Grenadines,VCT,"Access to electricity, rural (% of rural population)",73,91,100
Sudan,SDN,"Access to electricity, urban (% of urban population)",66,58,81
Sudan,SDN,"Access to electricity, rural (% of rural population)",14,15,39
Suriname,SUR,"Access to electricity, urban (% of urban population)",100,98,99
Suriname,SUR,"Access to electricity, rural (% of rural population)",100,88,96
Sweden,SWE,"Access to electricity, urban (% of urban population)",100,100,100
Sweden,SWE,"Access to electricity, rural (% of rural population)",100,100,100
Switzerland,CHE,"Access to electricity, urban (% of urban population)",100,100,100
Switzerland,CHE,"Access to electricity, rural (% of rural population)",100,100,100
Syrian Arab Republic,SYR,"Access to electricity, urban (% of urban population)",,100,100
Syrian Arab Republic,SYR,"Access to electricity, rural (% of rural population)",,80,76
Tajikistan,TJK,"Access to electricity, urban (% of urban population)",100,99,99
Tajikistan,TJK,"Access to electricity, rural (% of rural population)",96,99,100
Tanzania,TZA,"Access to electricity, urban (% of urban population)",27,44,73
Tanzania,TZA,"Access to electricity, rural (% of rural population)",3,,19
Thailand,THA,"Access to electricity, urban (% of urban population)",,99,100
Thailand,THA,"Access to electricity, rural (% of rural population)",,99,100
Timor-Leste,TLS,"Access to electricity, urban (% of urban population)",,85,100
Timor-Leste,TLS,"Access to electricity, rural (% of rural population)",,34,92
Togo,TGO,"Access to electricity, urban (% of urban population)",43,67,92
Togo,TGO,"Access to electricity, rural (% of rural population)",3,14,24
Tonga,TON,"Access to electricity, urban (% of urban population)",96,98,100
Tonga,TON,"Access to electricity, rural (% of rural population)",81,90,98
Trinidad and Tobago,TTO,"Access to electricity, urban (% of urban population)",,100,100
Trinidad and Tobago,TTO,"Access to electricity, rural (% of rural population)",,100,100
Tunisia,TUN,"Access to electricity, urban (% of urban population)",100,100,100
Tunisia,TUN,"Access to electricity, rural (% of rural population)",84,99,100
Turkey,TUR,"Access to electricity, urban (% of urban population)",,,100
Turkey,TUR,"Access to electricity, rural (% of rural population)",,,100
Turkmenistan,TKM,"Access to electricity, urban (% of urban population)",,100,100
Turkmenistan,TKM,"Access to electricity, rural (% of rural population)",,99,100
Turks and Caicos Islands,TCA,"Access to electricity, urban (% of urban population)",100,100,100
Turks and Caicos Islands,TCA,"Access to electricity, rural (% of rural population)",64,100,100
Tuvalu,TUV,"Access to electricity, urban (% of urban population)",,98,100
Tuvalu,TUV,"Access to electricity, rural (% of rural population)",,95,100
Uganda,UGA,"Access to electricity, urban (% of urban population)",40,45,71
Uganda,UGA,"Access to electricity, rural (% of rural population)",1,2,32
Ukraine,UKR,"Access to electricity, urban (% of urban population)",100,100,100
Ukraine,UKR,"Access to electricity, rural (% of rural population)",100,100,100
United Arab Emirates,ARE,"Access to electricity, urban (% of urban population)",100,100,100
United Arab Emirates,ARE,"Access to electricity, rural (% of rural population)",100,100,100
United Kingdom,GBR,"Access to electricity, urban (% of urban population)",100,100,100
United Kingdom,GBR,"Access to electricity, rural (% of rural population)",100,100,100
United States,USA,"Access to electricity, urban (% of urban population)",100,100,100
United States,USA,"Access to electricity, rural (% of rural population)",100,100,100
Uruguay,URY,"Access to electricity, urban (% of urban population)",99,100,100
Uruguay,URY,"Access to electricity, rural (% of rural population)",77,93,100
Uzbekistan,UZB,"Access to electricity, urban (% of urban population)",100,100,100
Uzbekistan,UZB,"Access to electricity, rural (% of rural population)",99,100,100
Vanuatu,VUT,"Access to electricity, urban (% of urban population)",77,82,95
Vanuatu,VUT,"Access to electricity, rural (% of rural population)",3,18,54
"Venezuela, RB",VEN,"Access to electricity, urban (% of urban population)",100,100,100
"Venezuela, RB",VEN,"Access to electricity, rural (% of rural population)",95,92,100
Vietnam,VNM,"Access to electricity, urban (% of urban population)",99,100,100
Vietnam,VNM,"Access to electricity, rural (% of rural population)",83,95,99
Virgin Islands (U.S.),VIR,"Access to electricity, urban (% of urban population)",100,100,100
Virgin Islands (U.S.),VIR,"Access to electricity, rural (% of rural population)",100,100,100
West Bank and Gaza,PSE,"Access to electricity, urban (% of urban population)",100,100,100
West Bank and Gaza,PSE,"Access to electricity, rural (% of rural population)",95,93,100
"Yemen, Rep.",YEM,"Access to electricity, urban (% of urban population)",92,92,93
"Yemen, Rep.",YEM,"Access to electricity, rural (% of rural population)",33,45,61
Zambia,ZMB,"Access to electricity, urban (% of urban population)",45,56,80
Zambia,ZMB,"Access to electricity, rural (% of rural population)",4,5,14
Zimbabwe,ZWE,"Access to electricity, urban (% of urban population)",87,91,85
Zimbabwe,ZWE,"Access to electricity, rural (% of rural population)",14,20,20
Africa Eastern and Southern,AFE,"Access to electricity, urban (% of urban population)",,61,74
Africa Eastern and Southern,AFE,"Access to electricity, rural (% of rural population)",,18,29
Africa Western and Central,AFW,"Access to electricity, urban (% of urban population)",73,75,83
Africa Western and Central,AFW,"Access to electricity, rural (% of rural population)",18,19,27
Arab World,ARB,"Access to electricity, urban (% of urban population)",,95,97
Arab World,ARB,"Access to electricity, rural (% of rural population)",63,70,80
Caribbean small states,CSS,"Access to electricity, urban (% of urban population)",92,97,100
Caribbean small states,CSS,"Access to electricity, rural (% of rural population)",80,88,97
Central Europe and the Baltics,CEB,"Access to electricity, urban (% of urban population)",100,100,100
Central Europe and the Baltics,CEB,"Access to electricity, rural (% of rural population)",100,100,100
Early-demographic dividend,EAR,"Access to electricity, urban (% of urban population)",93,96,99
Early-demographic dividend,EAR,"Access to electricity, rural (% of rural population)",52,64,87
East Asia & Pacific,EAS,"Access to electricity, urban (% of urban population)",,98,99
East Asia & Pacific,EAS,"Access to electricity, rural (% of rural population)",,92,97
East Asia & Pacific (excluding high income),EAP,"Access to electricity, urban (% of urban population)",,98,99
East Asia & Pacific (excluding high income),EAP,"Access to electricity, rural (% of rural population)",,92,97
East Asia & Pacific (IDA & IBRD countries),TEA,"Access to electricity, urban (% of urban population)",,99,100
East Asia & Pacific (IDA & IBRD countries),TEA,"Access to electricity, rural (% of rural population)",,92,97
Euro area,EMU,"Access to electricity, urban (% of urban population)",100,100,100
Euro area,EMU,"Access to electricity, rural (% of rural population)",100,100,100
Europe & Central Asia,ECS,"Access to electricity, urban (% of urban population)",100,100,100
Europe & Central Asia,ECS,"Access to electricity, rural (% of rural population)",100,100,100
Europe & Central Asia (excluding high income),ECA,"Access to electricity, urban (% of urban population)",100,100,100
Europe & Central Asia (excluding high income),ECA,"Access to electricity, rural (% of rural population)",99,100,100
Europe & Central Asia (IDA & IBRD countries),TEC,"Access to electricity, urban (% of urban population)",100,100,100
Europe & Central Asia (IDA & IBRD countries),TEC,"Access to electricity, rural (% of rural population)",99,100,100
European Union,EUU,"Access to electricity, urban (% of urban population)",100,100,100
European Union,EUU,"Access to electricity, rural (% of rural population)",100,100,100
Fragile and conflict affected situations,FCS,"Access to electricity, urban (% of urban population)",,78,82
Fragile and conflict affected situations,FCS,"Access to electricity, rural (% of rural population)",,26,35
Heavily indebted poor countries (HIPC),HPC,"Access to electricity, urban (% of urban population)",59,63,76
Heavily indebted poor countries (HIPC),HPC,"Access to electricity, rural (% of rural population)",,16,29
High income,HIC,"Access to electricity, urban (% of urban population)",100,100,100
High income,HIC,"Access to electricity, rural (% of rural population)",100,100,100
IBRD only,IBD,"Access to electricity, urban (% of urban population)",,98,100
IBRD only,IBD,"Access to electricity, rural (% of rural population)",,83,98
IDA & IBRD total,IBT,"Access to electricity, urban (% of urban population)",,95,97
IDA & IBRD total,IBT,"Access to electricity, rural (% of rural population)",,70,81
IDA blend,IDB,"Access to electricity, urban (% of urban population)",87,89,91
IDA blend,IDB,"Access to electricity, rural (% of rural population)",40,40,49
IDA only,IDX,"Access to electricity, urban (% of urban population)",63,70,81
IDA only,IDX,"Access to electricity, rural (% of rural population)",,29,46
IDA total,IDA,"Access to electricity, urban (% of urban population)",75,77,85
IDA total,IDA,"Access to electricity, rural (% of rural population)",26,32,47
Late-demographic dividend,LTE,"Access to electricity, urban (% of urban population)",,99,99
Late-demographic dividend,LTE,"Access to electricity, rural (% of rural population)",,97,99
Latin America & Caribbean,LCN,"Access to electricity, urban (% of urban population)",98,99,100
Latin America & Caribbean,LCN,"Access to electricity, rural (% of rural population)",70,83,93
Latin America & Caribbean (excluding high income),LAC,"Access to electricity, urban (% of urban population)",98,99,100
Latin America & Caribbean (excluding high income),LAC,"Access to electricity, rural (% of rural population)",69,82,93
Latin America & the Caribbean (IDA & IBRD countries),TLA,"Access to electricity, urban (% of urban population)",98,99,100
Latin America & the Caribbean (IDA & IBRD countries),TLA,"Access to electricity, rural (% of rural population)",70,82,93
Least developed countries: UN classification,LDC,"Access to electricity, urban (% of urban population)",,65,78
Least developed countries: UN classification,LDC,"Access to electricity, rural (% of rural population)",,26,43
Low & middle income,LMY,"Access to electricity, urban (% of urban population)",,94,96
Low & middle income,LMY,"Access to electricity, rural (% of rural population)",,70,81
Low income,LIC,"Access to electricity, urban (% of urban population)",,56,69
Low income,LIC,"Access to electricity, rural (% of rural population)",,17,30
Lower middle income,LMC,"Access to electricity, urban (% of urban population)",90,93,97
Lower middle income,LMC,"Access to electricity, rural (% of rural population)",49,63,84
Middle East & North Africa,MEA,"Access to electricity, urban (% of urban population)",,99,100
Middle East & North Africa,MEA,"Access to electricity, rural (% of rural population)",,88,94
Middle East & North Africa (excluding high income),MNA,"Access to electricity, urban (% of urban population)",,99,100
Middle East & North Africa (excluding high income),MNA,"Access to electricity, rural (% of rural population)",,87,94
Middle East & North Africa (IDA & IBRD countries),TMN,"Access to electricity, urban (% of urban population)",,99,100
Middle East & North Africa (IDA & IBRD countries),TMN,"Access to electricity, rural (% of rural population)",,87,94
Middle income,MIC,"Access to electricity, urban (% of urban population)",,97,98
Middle income,MIC,"Access to electricity, rural (% of rural population)",,75,89
North America,NAC,"Access to electricity, urban (% of urban population)",100,100,100
North America,NAC,"Access to electricity, rural (% of rural population)",100,100,100
Not classified,INX,"Access to electricity, urban (% of urban population)",,,
Not classified,INX,"Access to electricity, rural (% of rural population)",,,
OECD members,OED,"Access to electricity, urban (% of urban population)",100,100,100
OECD members,OED,"Access to electricity, rural (% of rural population)",98,99,100
Other small states,OSS,"Access to electricity, urban (% of urban population)",82,84,91
Other small states,OSS,"Access to electricity, rural (% of rural population)",,43,57
Pacific island small states,PSS,"Access to electricity, urban (% of urban population)",87,91,95
Pacific island small states,PSS,"Access to electricity, rural (% of rural population)",41,50,81
Post-demographic dividend,PST,"Access to electricity, urban (% of urban population)",100,100,100
Post-demographic dividend,PST,"Access to electricity, rural (% of rural population)",100,100,100
Pre-demographic dividend,PRE,"Access to electricity, urban (% of urban population)",62,66,77
Pre-demographic dividend,PRE,"Access to electricity, rural (% of rural population)",,17,29
Small states,SST,"Access to electricity, urban (% of urban population)",85,87,92
Small states,SST,"Access to electricity, rural (% of rural population)",,54,67
South Asia,SAS,"Access to electricity, urban (% of urban population)",90,95,100
South Asia,SAS,"Access to electricity, rural (% of rural population)",45,62,92
South Asia (IDA & IBRD),TSA,"Access to electricity, urban (% of urban population)",90,95,100
South Asia (IDA & IBRD),TSA,"Access to electricity, rural (% of rural population)",45,62,92
Sub-Saharan Africa,SSF,"Access to electricity, urban (% of urban population)",67,68,78
Sub-Saharan Africa,SSF,"Access to electricity, rural (% of rural population)",,19,28
Sub-Saharan Africa (excluding high income),SSA,"Access to electricity, urban (% of urban population)",67,68,78
Sub-Saharan Africa (excluding high income),SSA,"Access to electricity, rural (% of rural population)",,19,28
Sub-Saharan Africa (IDA & IBRD countries),TSS,"Access to electricity, urban (% of urban population)",67,68,78
Sub-Saharan Africa (IDA & IBRD countries),TSS,"Access to electricity, rural (% of rural population)",,19,28
Upper middle income,UMC,"Access to electricity, urban (% of urban population)",,99,100
Upper middle income,UMC,"Access to electricity, rural (% of rural population)",,97,99
World,WLD,"Access to electricity, urban (% of urban population)",95,96,97
World,WLD,"Access to electricity, rural (% of rural population)",,72,83